feature,count,mean,std,min,25%,50%,75%,max
variance,1372.0,0.4337352570699707,2.8427625862785617,-7.0421,-1.7730000000000001,0.49617999999999995,2.821475,6.8248
skewness,1372.0,1.9223531206393585,5.869046743695517,-13.7731,-1.7082000000000002,2.31965,6.8146249999999995,12.9516
curtosis,1372.0,1.3976271172667638,4.310030090106596,-5.2861,-1.574975,0.61663,3.1792499999999997,17.9274
entropy,1372.0,-1.1916565200437317,2.10101313735961,-8.5482,-2.41345,-0.58665,0.39481,2.4495
class,1372.0,0.4446064139941691,0.4971032701256608,0.0,0.0,0.0,1.0,1.0
